Images,Angle
Image0 - Copy.jpg,224
Image0.jpg,268
Image1 - Copy.jpg,143
Image1.jpg,149
Image10 - Copy.jpg,229
Image10.jpg,6
Image100.jpg,12
Image101 - Copy.jpg,63
Image101.jpg,34
Image102 - Copy.jpg,138
Image102.jpg,243
Image103.jpg,149
Image104 - Copy.jpg,259
Image104.jpg,188
Image105 - Copy.jpg,156
Image105.jpg,328
Image107 - Copy.jpg,288
Image107.jpg,119
Image108 - Copy.jpg,286
Image108.jpg,311
Image109.jpg,333
Image11 - Copy.jpg,192
Image11.jpg,243
Image110 - Copy.jpg,26
Image110.jpg,288
Image112 - Copy.jpg,353
Image12 - Copy.jpg,17
Image12.jpg,185
Image13.jpg,226
Image14 - Copy.jpg,8
Image14.jpg,277
Image16.jpg,289
Image18 - Copy.jpg,257
Image18.jpg,34
Image19.jpg,281
Image2 - Copy.jpg,45
Image2.jpg,281
Image20.jpg,6
Image21 - Copy.jpg,76
Image21.jpg,187
Image22.jpg,207
Image23 - Copy.jpg,58
Image23.jpg,331
Image24.jpg,252
Image25 - Copy.jpg,87
Image25.jpg,257
Image26.jpg,175
Image27.jpg,28
Image28.jpg,104
Image29 - Copy.jpg,252
Image29.jpg,228
Image30 - Copy.jpg,131
Image30.jpg,16
Image31 - Copy.jpg,272
Image31.jpg,312
Image32.jpg,120
Image33.jpg,218
Image34.jpg,92
Image35 - Copy.jpg,57
Image35.jpg,212
Image36.jpg,302
Image37.jpg,204
Image38 - Copy.jpg,137
Image38.jpg,187
Image4.jpg,135
Image40 - Copy.jpg,126
Image40.jpg,146
Image41.jpg,297
Image42.jpg,133
Image43.jpg,174
Image44.jpg,122
Image45.jpg,282
Image46 - Copy.jpg,302
Image46.jpg,275
Image47 - Copy.jpg,63
Image47.jpg,35
Image48 - Copy.jpg,251
Image48.jpg,318
Image49 - Copy.jpg,324
Image49.jpg,333
Image5.jpg,41
Image50 - Copy.jpg,86
Image50.jpg,258
Image52 - Copy.jpg,186
Image52.jpg,24
Image53 - Copy.jpg,42
Image53.jpg,280
Image54.jpg,199
Image55.jpg,19
Image56 - Copy.jpg,216
Image56.jpg,107
Image57.jpg,310
Image6 - Copy.jpg,175
Image6.jpg,279
Image60.jpg,255
Image61 - Copy.jpg,290
Image61.jpg,209
Image62 - Copy.jpg,132
Image62.jpg,314
Image63 - Copy.jpg,161
Image63.jpg,96
Image65.jpg,117
Image66.jpg,288
Image67 - Copy.jpg,247
Image67.jpg,66
Image68 - Copy.jpg,330
Image68.jpg,276
Image7 - Copy.jpg,267
Image7.jpg,254
Image70 - Copy.jpg,355
Image70.jpg,321
Image71.jpg,107
Image72 - Copy.jpg,185
Image72.jpg,294
Image73.jpg,210
Image74.jpg,190
Image76 - Copy.jpg,172
Image76.jpg,191
Image77.jpg,70
Image79 - Copy.jpg,213
Image79.jpg,69
Image8.jpg,146
Image80 - Copy.jpg,186
Image80.jpg,114
Image81 - Copy.jpg,182
Image81.jpg,301
Image82 - Copy.jpg,190
Image82.jpg,160
Image83 - Copy.jpg,149
Image83.jpg,324
Image84.jpg,241
Image85.jpg,79
Image86 - Copy.jpg,278
Image86.jpg,164
Image88 - Copy.jpg,27
Image88.jpg,86
Image89.jpg,200
Image9.jpg,328
Image90 - Copy.jpg,111
Image90.jpg,36
Image91.jpg,49
Image92 - Copy.jpg,237
Image92.jpg,217
Image93.jpg,322
Image94 - Copy.jpg,48
Image94.jpg,283
Image96 - Copy.jpg,84
Image96.jpg,134
Image98 - Copy.jpg,102
Image98.jpg,272
Image112.jpg,220
Image113 - Copy.jpg,28
Image113.jpg,58
Image114 - Copy.jpg,73
Image114.jpg,212
Image115 - Copy.jpg,182
Image115.jpg,233
Image116.jpg,191
Image117 - Copy.jpg,54
Image117.jpg,231
Image118.jpg,51
Image119 - Copy.jpg,318
Image119.jpg,247
Image120.jpg,185
Image121 - Copy.jpg,255
Image121.jpg,129
Image122.jpg,319
Image123.jpg,47
Image124 - Copy.jpg,213
Image124.jpg,96
Image125.jpg,160
Image126 - Copy.jpg,208
Image126.jpg,202
Image127 - Copy.jpg,66
Image127.jpg,52
Image128 - Copy.jpg,162
Image128.jpg,171
Image130 - Copy.jpg,138
Image130.jpg,177
Image131 - Copy.jpg,328
Image131.jpg,309
Image132 - Copy.jpg,41
Image132.jpg,128
Image133 - Copy.jpg,328
Image133.jpg,171
Image134 - Copy.jpg,284
Image134.jpg,309
Image135 - Copy.jpg,75
Image135.jpg,208
Image136.jpg,243
Image137.jpg,242
Image138.jpg,58
Image140.jpg,223
Image141.jpg,137
Image142 - Copy.jpg,162
Image142.jpg,202
Image143.jpg,322
Image144.jpg,231
Image145 - Copy.jpg,307
Image145.jpg,47
Image146.jpg,210
Image147.jpg,322
Image148.jpg,297
Image149 - Copy.jpg,116
Image149.jpg,357
Image150 - Copy.jpg,106
Image150.jpg,66
Image152.jpg,115
Image153 - Copy.jpg,32
Image153.jpg,223
Image154.jpg,301
Image155.jpg,302
Image156 - Copy.jpg,181
Image156.jpg,156
Image157 - Copy.jpg,136
Image157.jpg,320
Image158.jpg,221
Image159 - Copy.jpg,293
Image159.jpg,292
Image160.jpg,349
Image162.jpg,235
Image163.jpg,165
Image164.jpg,44
Image165.jpg,133
Image166.jpg,110
Image167 - Copy.jpg,262
Image167.jpg,343
Image168 - Copy.jpg,322
Image168.jpg,12
Image169.jpg,143
Image170.jpg,295
Image172 - Copy.jpg,329
Image172.jpg,130
Image173.jpg,76
Image174 - Copy.jpg,221
Image174.jpg,356
Image175.jpg,66
Image176.jpg,274
Image177 - Copy.jpg,32
Image177.jpg,332
Image178.jpg,352
Image179.jpg,297
Image181.jpg,162
Image182.jpg,113
Image183.jpg,71
Image184.jpg,208
Image185 - Copy.jpg,73
Image185.jpg,62
Image186.jpg,140
Image187 - Copy.jpg,111
Image187.jpg,63
Image189.jpg,97
Image190 - Copy.jpg,333
Image190.jpg,112
Image191.jpg,162
Image192.jpg,128
Image193.jpg,123
Image194.jpg,7
Image195 - Copy.jpg,326
Image195.jpg,171
Image196.jpg,282
Image197 - Copy.jpg,241
Image197.jpg,39
Image199 - Copy.jpg,57
Image199.jpg,223
Image200.jpg,112
Image201.jpg,264
Image202.jpg,294
Image203.jpg,104
Image204 - Copy.jpg,40
Image204.jpg,145
Image205 - Copy.jpg,125
Image205.jpg,142
Image207.jpg,243
Image208.jpg,29
Image209.jpg,172
Image210.jpg,305
Image211 - Copy.jpg,97
Image211.jpg,101
Image212.jpg,170
Image213.jpg,202
Image214 - Copy.jpg,88
Image214.jpg,322
Image215.jpg,64
Image216.jpg,280
Image217.jpg,251
Image218.jpg,230
Image219.jpg,63
Image220.jpg,217
Image221 - Copy.jpg,94
Image221.jpg,7
Image222.jpg,355
Image223.jpg,246
Image224 - Copy.jpg,200
Image224.jpg,315
Image225 - Copy.jpg,146
Image225.jpg,122
Image226.jpg,248
Image227.jpg,290
Image228 - Copy.jpg,83
Image228.jpg,158
Image229 - Copy.jpg,102
Image229.jpg,150
Image230.jpg,158
Image231.jpg,288
Image232 - Copy.jpg,42
Image232.jpg,204
Image234.jpg,178
Image236.jpg,77
Image238 - Copy.jpg,252
Image238.jpg,228
Image240 - Copy.jpg,222
Image240.jpg,83
Image242.jpg,118
Image243 - Copy.jpg,213
Image243.jpg,304
Image244 - Copy.jpg,91
Image244.jpg,151
Image245.jpg,66
Image246 - Copy.jpg,202
Image246.jpg,192
Image247 - Copy.jpg,329
Image247.jpg,312
Image249 - Copy.jpg,220
Image249.jpg,229
Image250.jpg,354
Image252 - Copy.jpg,202
Image252.jpg,144
Image253.jpg,271
Image254.jpg,320
Image255 - Copy.jpg,48
Image255.jpg,35
Image256.jpg,305
Image257.jpg,11
Image258 - Copy.jpg,340
Image258.jpg,226
Image259 - Copy.jpg,298
Image259.jpg,8
Image260.jpg,105
Image261.jpg,281
Image262.jpg,86
Image263 - Copy.jpg,229
Image263.jpg,4
Image264 - Copy.jpg,293
Image264.jpg,231
Image265 - Copy.jpg,207
Image265.jpg,121
Image266.jpg,306
Image267 - Copy.jpg,84
Image267.jpg,125
Image268.jpg,283
Image269 - Copy.jpg,176
Image269.jpg,254
Image271.jpg,32
Image272 - Copy.jpg,188
Image272.jpg,164
Image273 - Copy.jpg,184
Image273.jpg,110
Image274.jpg,139
Image275 - Copy.jpg,75
Image275.jpg,313
Image277 - Copy.jpg,12
Image277.jpg,265
Image278.jpg,168
Image279.jpg,242
Image280.jpg,45
Image282.jpg,295
Image283.jpg,158
Image284 - Copy.jpg,6
Image284.jpg,140
Image285.jpg,258
Image286.jpg,243
Image287 - Copy.jpg,137
Image287.jpg,94
Image289.jpg,284
Image290 - Copy.jpg,343
Image290.jpg,45
Image291 - Copy.jpg,269
Image291.jpg,145
Image293.jpg,34
Image295.jpg,122
Image296 - Copy.jpg,334
Image296.jpg,143
Image297 - Copy.jpg,269
Image297.jpg,240
Image298.jpg,270
Image299.jpg,14
Image300.jpg,182
Image301 - Copy.jpg,280
Image301.jpg,350
Image302.jpg,66
Image303 - Copy.jpg,189
Image303.jpg,298
Image304.jpg,146
Image305.jpg,231
Image306 - Copy.jpg,100
Image306.jpg,124
Image307 - Copy.jpg,145
Image307.jpg,29
Image308.jpg,110
Image309 - Copy.jpg,168
Image309.jpg,174
Image310.jpg,151
Image311 - Copy.jpg,198
Image311.jpg,283
Image313.jpg,117
Image314 - Copy.jpg,54
Image314.jpg,212
Image315 - Copy.jpg,18
Image315.jpg,227
Image316.jpg,335
Image317 - Copy.jpg,344
Image317.jpg,262
Image318.jpg,325
Image321.jpg,306
Image322 - Copy.jpg,61
Image322.jpg,115
Image323 - Copy.jpg,3
Image323.jpg,90
Image324.jpg,171
Image325 - Copy.jpg,4
Image325.jpg,54
Image326 - Copy.jpg,29
Image326.jpg,14
Image327.jpg,273
Image328.jpg,52
Image329 - Copy.jpg,146
Image329.jpg,297
Image330.jpg,164
Image332 - Copy.jpg,337
Image332.jpg,82
Image333 - Copy.jpg,333
Image333.jpg,150
Image334 - Copy.jpg,23
Image334.jpg,55
Image335.jpg,276
Image336 - Copy.jpg,106
Image336.jpg,160
Image337.jpg,287
Image339.jpg,226
Image340 - Copy.jpg,247
Image340.jpg,142
Image341.jpg,192
Image342 - Copy.jpg,57
Image342.jpg,154
Image343.jpg,311
Image344.jpg,313
Image345 - Copy.jpg,45
Image345.jpg,47
Image346 - Copy.jpg,131
Image346.jpg,63
Image347 - Copy.jpg,226
Image347.jpg,353
Image348.jpg,129
Image349.jpg,276
Image350 - Copy.jpg,355
Image350.jpg,84
Image351 - Copy.jpg,302
Image351.jpg,63
Image352 - Copy.jpg,97
Image352.jpg,180
Image353 - Copy.jpg,239
Image353.jpg,156
Image354 - Copy.jpg,112
Image354.jpg,333
Image355.jpg,342
Image356.jpg,20
Image357 - Copy.jpg,9
Image357.jpg,42
Image358.jpg,161
Image359.jpg,271
Image360.jpg,323
Image362 - Copy.jpg,73
Image362.jpg,81
Image363.jpg,291
Image364.jpg,211
Image366 - Copy.jpg,174
Image366.jpg,205
Image367.jpg,302
Image368.jpg,340
Image369 - Copy.jpg,60
Image369.jpg,43
Image371 - Copy.jpg,256
Image371.jpg,67
Image372 - Copy.jpg,338
Image372.jpg,219
Image373.jpg,224
Image374.jpg,87
Image375 - Copy.jpg,259
Image375.jpg,138
Image376.jpg,59
Image377.jpg,44
Image378.jpg,78
Image379.jpg,195
Image380.jpg,291
Image382.jpg,83
Image383 - Copy.jpg,11
Image383.jpg,292
Image384 - Copy.jpg,169
Image384.jpg,171
Image385.jpg,199
Image386 - Copy.jpg,296
Image386.jpg,193
Image387 - Copy.jpg,275
Image387.jpg,84
Image389 - Copy.jpg,42
Image389.jpg,356
Image390 - Copy.jpg,26
Image390.jpg,339
Image391 - Copy.jpg,211
Image391.jpg,53
Image393 - Copy.jpg,41
Image393.jpg,42
Image394 - Copy.jpg,158
Image394.jpg,180
Image396 - Copy.jpg,14
Image396.jpg,69
Image397.jpg,329
Image398.jpg,134
Image399 - Copy.jpg,300
Image399.jpg,33
Image400.jpg,58
Image401 - Copy.jpg,178
Image401.jpg,150
Image402 - Copy.jpg,188
Image402.jpg,170
Image403 - Copy.jpg,172
Image403.jpg,37
Image405 - Copy.jpg,75
Image405.jpg,111
Image406.jpg,141
Image407 - Copy.jpg,21
Image407.jpg,86
Image408.jpg,103
Image409.jpg,18
Image410 - Copy.jpg,93
Image410.jpg,157
Image411 - Copy.jpg,357
Image411.jpg,264
Image412.jpg,139
Image413 - Copy.jpg,308
Image413.jpg,118
Image415 - Copy.jpg,45
Image415.jpg,120
Image416.jpg,21
Image418 - Copy.jpg,54
Image418.jpg,16
Image419 - Copy.jpg,30
Image419.jpg,10
Image420 - Copy.jpg,130
Image420.jpg,8
Image421 - Copy.jpg,241
Image421.jpg,245
Image422.jpg,242
Image423 - Copy.jpg,275
Image423.jpg,336
Image424.jpg,316
Image425.jpg,331
Image427.jpg,62
Image428.jpg,323
Image429.jpg,146
Image430.jpg,158
Image431 - Copy.jpg,36
Image431.jpg,152
Image433 - Copy.jpg,72
Image433.jpg,151
Image434 - Copy.jpg,47
Image434.jpg,19
Image435.jpg,267
Image436 - Copy.jpg,230
Image436.jpg,219
Image437.jpg,297
Image440 - Copy.jpg,236
Image440.jpg,117
Image441.jpg,64
Image442 - Copy.jpg,183
Image442.jpg,244
Image443 - Copy.jpg,176
Image443.jpg,239
Image444 - Copy.jpg,324
Image444.jpg,236
Image445 - Copy.jpg,186
Image445.jpg,76
Image446 - Copy.jpg,79
Image446.jpg,8
Image447.jpg,84
Image448.jpg,142
Image449 - Copy.jpg,150
Image449.jpg,36
Image450 - Copy.jpg,141
Image450.jpg,276
Image451 - Copy.jpg,41
Image451.jpg,66
Image452 - Copy.jpg,222
Image452.jpg,18
Image456.jpg,311
Image457 - Copy.jpg,356
Image457.jpg,98
Image458 - Copy.jpg,288
Image458.jpg,184
Image459.jpg,157
Image460.jpg,169
Image461.jpg,200
Image462.jpg,334
Image463.jpg,3
Image464 - Copy.jpg,356
Image464.jpg,30
Image465 - Copy.jpg,219
Image465.jpg,286
Image466.jpg,65
Image467 - Copy.jpg,122
Image467.jpg,287
Image468 - Copy.jpg,62
Image468.jpg,78
Image469 - Copy.jpg,245
Image469.jpg,73
Image470.jpg,340
Image471 - Copy.jpg,355
Image471.jpg,73
Image472 - Copy.jpg,313
Image472.jpg,151
Image473.jpg,49
Image474.jpg,316
Image475 - Copy.jpg,7
Image475.jpg,131
Image478.jpg,204
Image479.jpg,256
Image480 - Copy.jpg,210
Image480.jpg,238
Image481.jpg,270
Image482 - Copy.jpg,258
Image482.jpg,300
Image483.jpg,56
Image484.jpg,142
Image485.jpg,309
Image486.jpg,19
Image487 - Copy.jpg,296
Image487.jpg,52
Image488.jpg,349
Image489.jpg,87
Image490.jpg,302
Image491.jpg,129
Image492 - Copy.jpg,311
Image492.jpg,98
Image493 - Copy.jpg,35
Image493.jpg,300
Image494 - Copy.jpg,130
Image494.jpg,283
Image495 - Copy.jpg,301
Image495.jpg,199
Image496.jpg,119
Image497.jpg,166
Image498.jpg,84
Image499.jpg,314
Image500.jpg,256
Image501 - Copy.jpg,340
Image501.jpg,164
Image502.jpg,279
Image504.jpg,187
Image505.jpg,186
Image506.jpg,127
Image507 - Copy.jpg,138
Image507.jpg,102
Image508 - Copy.jpg,230
Image508.jpg,97
Image509.jpg,271
Image511.jpg,349
Image512.jpg,244
Image513.jpg,83
Image515 - Copy.jpg,282
Image515.jpg,185
Image516.jpg,97
Image517 - Copy.jpg,256
Image517.jpg,302
Image518.jpg,210
Image519.jpg,175
Image520.jpg,198
Image521 - Copy.jpg,86
Image521.jpg,16
Image522.jpg,148
Image523.jpg,122
Image524.jpg,151
Image525.jpg,72
Image526.jpg,230
Image527.jpg,204
Image528.jpg,242
Image529.jpg,216
Image530.jpg,351
Image531 - Copy.jpg,144
Image531.jpg,168
Image532.jpg,356
Image533 - Copy.jpg,43
Image533.jpg,172
Image534.jpg,83
Image535.jpg,43
Image536 - Copy.jpg,334
Image536.jpg,221
Image537 - Copy.jpg,29
Image537.jpg,207
Image538 - Copy.jpg,208
Image538.jpg,198
Image539.jpg,161
Image540.jpg,42
Image541 - Copy.jpg,10
Image541.jpg,88
Image542.jpg,181
Image543 - Copy.jpg,2
Image543.jpg,262
Image545 - Copy.jpg,210
Image545.jpg,166
Image546.jpg,153
Image547.jpg,319
Image548.jpg,204
Image549.jpg,250
Image550.jpg,46
Image551 - Copy.jpg,151
Image551.jpg,217
Image552 - Copy.jpg,18
Image552.jpg,19
Image553.jpg,221
Image554.jpg,1
Image555.jpg,125
Image556 - Copy.jpg,181
Image556.jpg,320
Image557.jpg,276
Image558.jpg,261
Image559 - Copy.jpg,275
Image559.jpg,12
Image560 - Copy.jpg,233
Image560.jpg,250
Image561.jpg,96
Image562.jpg,179
Image563.jpg,42
Image564 - Copy.jpg,178
Image564.jpg,136
Image565.jpg,9
Image568.jpg,348
Image569.jpg,105
Image570.jpg,146
Image571 - Copy.jpg,158
Image571.jpg,310
Image572 - Copy.jpg,143
Image572.jpg,157
Image573.jpg,9
Image574.jpg,19
Image575.jpg,250
Image576.jpg,64
Image578 - Copy.jpg,229
Image578.jpg,303
Image579.jpg,274
Image580 - Copy.jpg,270
Image580.jpg,124
Image581.jpg,67
Image582.jpg,284
Image583 - Copy.jpg,300
Image583.jpg,327
Image584.jpg,315
Image585.jpg,287
Image586 - Copy.jpg,57
Image586.jpg,348
Image587.jpg,309
Image588.jpg,109
Image589 - Copy.jpg,314
Image589.jpg,2
Image590.jpg,215
Image591 - Copy.jpg,249
Image591.jpg,313
Image592.jpg,211
Image594.jpg,246
Image595 - Copy.jpg,211
Image595.jpg,212
Image596.jpg,31
Image597 - Copy.jpg,132
Image597.jpg,80
Image598.jpg,276
Image599.jpg,274
Image600.jpg,144
Image602.jpg,278
Image603.jpg,24
Image604.jpg,127
Image605.jpg,222
Image606 - Copy.jpg,79
Image606.jpg,329
Image607.jpg,10
Image610 - Copy.jpg,23
Image610.jpg,263
Image611 - Copy.jpg,304
Image611.jpg,233
Image612.jpg,125
Image613 - Copy.jpg,104
Image613.jpg,30
Image614.jpg,210
Image616 - Copy.jpg,241
Image616.jpg,158
Image617 - Copy.jpg,204
Image617.jpg,7
Image618.jpg,241
Image619.jpg,248
Image620 - Copy.jpg,263
Image620.jpg,355
Image621.jpg,327
Image622.jpg,267
Image623 - Copy.jpg,58
Image623.jpg,254
Image624 - Copy.jpg,333
Image624.jpg,280
Image625 - Copy.jpg,180
Image625.jpg,10
Image626.jpg,227
Image628.jpg,26
Image629.jpg,19
Image630.jpg,41
Image631 - Copy.jpg,131
Image631.jpg,112
Image632 - Copy.jpg,86
Image632.jpg,42
Image634 - Copy.jpg,78
Image634.jpg,147
Image635.jpg,77
Image636.jpg,92
Image637 - Copy.jpg,110
Image637.jpg,136
Image639 - Copy.jpg,285
Image639.jpg,211
Image640.jpg,187
Image641.jpg,217
Image643.jpg,260
Image645.jpg,241
Image646 - Copy.jpg,167
Image646.jpg,206
Image647.jpg,215
Image648.jpg,127
Image649.jpg,128
Image650.jpg,356
Image651.jpg,335
Image652 - Copy.jpg,278
Image652.jpg,25
Image654 - Copy.jpg,139
Image654.jpg,128
Image655 - Copy.jpg,282
Image655.jpg,338
Image656 - Copy.jpg,210
Image656.jpg,274
Image657.jpg,237
Image658.jpg,78
Image659.jpg,335
Image660.jpg,205
Image661 - Copy.jpg,110
Image661.jpg,284
Image662 - Copy.jpg,233
Image662.jpg,290
Image664 - Copy.jpg,250
Image664.jpg,120
Image665 - Copy.jpg,338
Image665.jpg,308
Image666.jpg,311
Image667.jpg,276
Image668.jpg,12
Image669.jpg,267
Image670.jpg,317
Image671 - Copy.jpg,273
Image671.jpg,20
Image672 - Copy.jpg,56
Image672.jpg,190
Image673 - Copy.jpg,113
Image673.jpg,152
Image674.jpg,215
Image675 - Copy.jpg,113
Image675.jpg,170
Image676 - Copy.jpg,295
Image676.jpg,355
Image678.jpg,308
Image679.jpg,230
Image680 - Copy.jpg,351
Image680.jpg,281
Image681 - Copy.jpg,79
Image681.jpg,254
Image682 - Copy.jpg,332
Image682.jpg,312
Image683 - Copy.jpg,42
Image683.jpg,101
Image684.jpg,50
Image685.jpg,326
Image686 - Copy.jpg,14
Image686.jpg,164
Image687.jpg,52
Image688 - Copy.jpg,177
Image688.jpg,36
Image689.jpg,271
Image691 - Copy.jpg,162
Image691.jpg,270
Image692 - Copy.jpg,117
Image692.jpg,149
Image693 - Copy.jpg,133
Image693.jpg,235
Image694.jpg,32
Image695.jpg,253
Image696 - Copy.jpg,25
Image696.jpg,57
Image697.jpg,159
Image699.jpg,331
Image700.jpg,188
Image701 - Copy.jpg,57
Image701.jpg,202
Image702.jpg,233
Image704.jpg,268
Image705 - Copy.jpg,98
Image705.jpg,249
Image707 - Copy.jpg,93
Image707.jpg,179
Image708.jpg,312
Image709.jpg,93
Image710.jpg,291
Image711 - Copy.jpg,138
Image711.jpg,62
Image712.jpg,332
Image713.jpg,179
Image714 - Copy.jpg,291
Image714.jpg,154
Image715 - Copy.jpg,117
Image715.jpg,328
Image716 - Copy.jpg,61
Image716.jpg,4
Image717.jpg,233
Image718.jpg,102
Image719 - Copy.jpg,106
Image719.jpg,290
Image720.jpg,246
Image721 - Copy.jpg,119
Image721.jpg,165
Image722 - Copy.jpg,307
Image722.jpg,178
Image723.jpg,48
Image724.jpg,51
Image725.jpg,128
Image726 - Copy.jpg,8
Image726.jpg,160
Image727.jpg,3
Image728 - Copy.jpg,9
Image728.jpg,278
Image729.jpg,39
Image730.jpg,168
Image731.jpg,284
Image732.jpg,162
Image733.jpg,247
Image734.jpg,139
Image735 - Copy.jpg,15
Image735.jpg,141
Image736.jpg,47
Image737 - Copy.jpg,78
Image737.jpg,168
Image738 - Copy.jpg,81
Image738.jpg,210
